,Naive Bayes,Logistic Regression,LSTM
Balanced Accuracy,0.707971506394532,0.6768612278922649,0.7510960831992272
F1 score,0.6606144830405626,0.7514375727503757,0.7736520914088033
Pred time,0.012965,0.011993,20.710689
