,Naive Bayes,Logistic Regression,LSTM
Accuracy,0.6527464743383348,0.7540408268401056,0.7782535900573121
F1 score,0.6601816616912957,0.7512611548256658,0.7761849055408695
