,Naive Bayes,Logistic Regression,LSTM
Accuracy,0.6531972438663146,0.7544272007212313,0.7787687552321463
F1 score,0.6605816542041818,0.7515141602419507,0.7788503496372136
